keyword,product,intent,category,target_url,status
medical equipment CRM software,aura-business,commercial,product,/aura-business/medical-equipment-crm-software/,PUBLISHED
medical equipment management software,aura-business,commercial,product,/aura-business/medical-equipment-management-software/,PUBLISHED
medical equipment distributor software,aura-business,commercial,product,/aura-business/medical-equipment-distributor-software/,PUBLISHED
healthcare CRM software,aura-business,commercial,product,/aura-business/healthcare-crm-software/,PUBLISHED
medical equipment business software,aura-business,commercial,product,/aura-business/medical-equipment-management-software/,PUBLISHED
medical equipment ERP software,aura-business,commercial,product,/aura-business/medical-equipment-management-software/,PUBLISHED
medical equipment operations software,aura-business,commercial,product,/aura-business/medical-equipment-management-software/,PUBLISHED
medical device CRM software,aura-business,commercial,product,/aura-business/medical-device-crm-software/,PUBLISHED
medical distributor CRM,aura-business,commercial,product,/aura-business/medical-equipment-crm-software/,PUBLISHED
medical equipment dealer management software,aura-business,commercial,product,/aura-business/medical-equipment-dealer-management-software/,PUBLISHED
healthcare business automation software,aura-business,commercial,product,/aura-business/healthcare-business-automation-software/,PUBLISHED
distributor management software India,aura-business,commercial,product,/aura-business/distributor-management-software-india/,PLANNED
field service business software India,aura-business,commercial,product,/aura-business/field-service-business-software-india/,PLANNED
equipment dealer software,aura-business,commercial,product,/aura-business/equipment-dealer-software/,PLANNED
medical equipment field service software,aura-business,commercial,feature,/aura-business/medical-equipment-field-service-software/,PUBLISHED
medical equipment AMC CMC software,aura-business,commercial,feature,/aura-business/medical-equipment-amc-cmc-software/,PUBLISHED
medical equipment inventory software,aura-business,commercial,feature,/aura-business/medical-equipment-inventory-software/,PUBLISHED
medical equipment asset management,aura-business,commercial,feature,/aura-business/medical-equipment-asset-management/,PUBLISHED
medical equipment billing software,aura-business,commercial,feature,/aura-business/medical-equipment-billing-software/,PUBLISHED
medical equipment service management software,aura-business,commercial,feature,/aura-business/medical-equipment-service-management-software/,PUBLISHED
preventive maintenance software,aura-business,commercial,feature,/aura-business/preventive-maintenance-software/,PUBLISHED
service contract management software,aura-business,commercial,feature,/aura-business/service-contract-management-software/,PUBLISHED
medical equipment quotation software,aura-business,commercial,feature,/aura-business/medical-equipment-quotation-software/,PUBLISHED
technician tracking software,aura-business,commercial,feature,/aura-business/field-technician-tracking-app/,PUBLISHED
medical spare parts inventory software,aura-business,commercial,feature,/aura-business/medical-spare-parts-inventory-software/,PUBLISHED
tender management software medical equipment,aura-business,commercial,feature,/aura-business/medical-equipment-tender-management-software/,PUBLISHED
installed base management software,aura-business,commercial,feature,/aura-business/installed-base-management-software/,PUBLISHED
GST billing software for medical equipment distributors,aura-business,commercial,feature,/aura-business/gst-billing-software-medical-equipment-distributors/,PUBLISHED
equipment warranty management software,aura-business,commercial,feature,/aura-business/medical-equipment-warranty-management-software/,PUBLISHED
medical distributor analytics dashboard,aura-business,commercial,feature,/aura-business/medical-distributor-dashboard-analytics/,PUBLISHED
AMC management software,aura-business,commercial,feature,/aura-business/medical-equipment-amc-cmc-software/,PUBLISHED
CMC management software,aura-business,commercial,feature,/aura-business/medical-equipment-amc-cmc-software/,PUBLISHED
AMC renewal software,aura-business,commercial,feature,/aura-business/medical-equipment-amc-cmc-software/,PUBLISHED
AMC billing software,aura-business,commercial,feature,/aura-business/amc-billing-software/,PLANNED
medical equipment lead management software,aura-business,commercial,feature,/aura-business/medical-equipment-lead-management-software/,PLANNED
healthcare lead management,aura-business,commercial,feature,/aura-business/healthcare-lead-management/,PLANNED
service call management software,aura-business,commercial,feature,/aura-business/medical-equipment-service-management-software/,PUBLISHED
service dispatch software,aura-business,commercial,feature,/aura-business/service-dispatch-software/,PLANNED
mobile job card software,aura-business,commercial,feature,/aura-business/mobile-job-card-software/,PLANNED
technician GPS tracking,aura-business,commercial,feature,/aura-business/field-technician-tracking-app/,PUBLISHED
medical service engineer app,aura-business,commercial,feature,/mobile-app-development/medical-equipment-service-app/,PUBLISHED
medical equipment stock management software,aura-business,commercial,feature,/aura-business/medical-equipment-inventory-software/,PUBLISHED
medical equipment warehouse management,aura-business,commercial,feature,/aura-business/medical-equipment-warehouse-management/,PLANNED
batch and expiry tracking software,aura-business,commercial,feature,/aura-business/batch-and-expiry-tracking-software/,PLANNED
medical inventory reorder software,aura-business,commercial,feature,/aura-business/medical-inventory-reorder-software/,PLANNED
delivery challan software,aura-business,commercial,feature,/aura-business/delivery-challan-software/,PLANNED
payment tracking software distributors,aura-business,commercial,feature,/aura-business/payment-tracking-software-distributors/,PLANNED
outstanding payment tracking software,aura-business,commercial,feature,/aura-business/outstanding-payment-tracking-software/,PLANNED
medical distributor invoicing software,aura-business,commercial,feature,/aura-business/gst-billing-software-medical-equipment-distributors/,PUBLISHED
e-invoice software for distributors,aura-business,commercial,feature,/aura-business/e-invoice-software-for-distributors/,PLANNED
e-way bill software distributors,aura-business,commercial,feature,/aura-business/e-way-bill-software-distributors/,PLANNED
hospital equipment asset tracking,aura-business,commercial,feature,/aura-business/hospital-equipment-asset-tracking/,PLANNED
equipment serial number tracking software,aura-business,commercial,feature,/aura-business/installed-base-management-software/,PUBLISHED
medical equipment lifecycle management,aura-business,commercial,feature,/aura-business/medical-equipment-asset-management/,PUBLISHED
SLA management software field service,aura-business,commercial,feature,/aura-business/sla-management-software-field-service/,PLANNED
helpdesk ticketing software for equipment dealers,aura-business,commercial,feature,/aura-business/helpdesk-ticketing-software-for-equipment-dealers/,PLANNED
purchase order software distributors,aura-business,commercial,feature,/aura-business/purchase-order-software-distributors/,PLANNED
GRN goods receipt software,aura-business,commercial,feature,/aura-business/grn-goods-receipt-software/,PLANNED
supplier management software distributors,aura-business,commercial,feature,/aura-business/supplier-management-software-distributors/,PLANNED
receivables ageing software,aura-business,commercial,feature,/aura-business/receivables-ageing-software/,PLANNED
WhatsApp payment reminder software,aura-business,commercial,feature,/aura-business/whatsapp-payment-reminder-software/,PLANNED
distributor order portal software,aura-business,commercial,feature,/web-development/medical-distributor-portal-development/,PUBLISHED
customer self service portal for distributors,aura-business,commercial,feature,/aura-business/customer-self-service-portal-for-distributors/,PLANNED
field staff attendance app GPS selfie,aura-business,commercial,feature,/aura-business/field-staff-attendance-app-gps-selfie/,PLANNED
beat plan software sales reps,aura-business,commercial,feature,/aura-business/beat-plan-software-sales-reps/,PLANNED
sample tracking software medical devices,aura-business,commercial,feature,/aura-business/sample-tracking-software-medical-devices/,PLANNED
territory management software medical sales,aura-business,commercial,feature,/aura-business/territory-management-software-medical-sales/,PLANNED
medical equipment sales dashboard,aura-business,commercial,feature,/aura-business/medical-distributor-dashboard-analytics/,PUBLISHED
service management dashboard,aura-business,commercial,feature,/aura-business/medical-distributor-dashboard-analytics/,PUBLISHED
AMC revenue dashboard,aura-business,commercial,feature,/aura-business/medical-distributor-dashboard-analytics/,PUBLISHED
field service analytics,aura-business,commercial,feature,/aura-business/field-service-analytics/,PLANNED
calibration tracking software,aura-business,commercial,feature,/aura-business/preventive-maintenance-software/,PUBLISHED
rate contract management software,aura-business,commercial,feature,/aura-business/rate-contract-management-software/,PLANNED
EMD tracking software tenders,aura-business,commercial,feature,/aura-business/medical-equipment-tender-management-software/,PUBLISHED
multi-warehouse inventory software India,aura-business,commercial,feature,/aura-business/multi-warehouse-inventory-software-india/,PLANNED
barcode inventory software medical,aura-business,commercial,feature,/aura-business/barcode-inventory-software-medical/,PLANNED
Tally export CRM,aura-business,commercial,feature,/aura-business/tally-export-crm/,PLANNED
software for medical equipment dealers,aura-business,commercial,application,/aura-business/medical-equipment-dealer-management-software/,PUBLISHED
software for diagnostic equipment suppliers,aura-business,commercial,application,/aura-business/software-for-diagnostic-equipment-suppliers/,PLANNED
software for medical device importers,aura-business,commercial,application,/aura-business/software-for-medical-device-importers/,PLANNED
software for surgical instrument distributors,aura-business,commercial,application,/aura-business/software-for-surgical-instrument-distributors/,PLANNED
software for laboratory equipment dealers,aura-business,commercial,application,/aura-business/software-for-laboratory-equipment-dealers/,PLANNED
software for imaging equipment dealers,aura-business,commercial,application,/aura-business/software-for-imaging-equipment-dealers/,PLANNED
software for dental equipment dealers,aura-business,commercial,application,/aura-business/software-for-dental-equipment-dealers/,PLANNED
software for hospital furniture suppliers,aura-business,commercial,application,/aura-business/software-for-hospital-furniture-suppliers/,PLANNED
software for medical consumables distributors,aura-business,commercial,application,/aura-business/software-for-medical-consumables-distributors/,PLANNED
software for biomedical service companies,aura-business,commercial,application,/aura-business/software-for-biomedical-service-companies/,PLANNED
software for equipment rental businesses,aura-business,commercial,application,,REJECTED
industrial equipment distributor software,aura-business,commercial,industry,/aura-business/industrial-equipment-distributor-software/,PLANNED
electrical equipment dealer software,aura-business,commercial,industry,/aura-business/electrical-equipment-dealer-software/,PLANNED
building products distributor software,aura-business,commercial,industry,/aura-business/building-products-distributor-software/,PLANNED
HVAC AMC software,aura-business,commercial,industry,/aura-business/hvac-amc-software/,PLANNED
lift AMC management software,aura-business,commercial,industry,/aura-business/lift-amc-management-software/,PLANNED
fire safety AMC software,aura-business,commercial,industry,/aura-business/fire-safety-amc-software/,PLANNED
pharma distributor software,aura-business,commercial,industry,,REJECTED
hospital sales CRM,aura-business,commercial,persona,/aura-business/hospital-sales-crm/,PUBLISHED
medical sales CRM,aura-business,commercial,persona,/aura-business/hospital-sales-crm/,PUBLISHED
CRM for medical representatives,aura-business,commercial,persona,/aura-business/crm-for-medical-representatives/,PLANNED
software for service engineers medical equipment,aura-business,commercial,persona,/mobile-app-development/medical-equipment-service-app/,PUBLISHED
owner dashboard for distribution business,aura-business,commercial,persona,/aura-business/medical-distributor-dashboard-analytics/,PUBLISHED
software for biomedical engineers hospital,aura-business,commercial,persona,/aura-business/software-for-biomedical-engineers-hospital/,PLANNED
AMC renewals getting missed,aura-business,informational,problem,/resources/what-is-amc-software/,PUBLISHED
how to track medical equipment service history,aura-business,informational,problem,/resources/what-is-installed-base-management/,PUBLISHED
how to stop revenue leakage in AMC,aura-business,informational,problem,/aura-business/how-to-stop-revenue-leakage-in-amc/,PLANNED
how to manage field service engineers,aura-business,informational,problem,/resources/how-medical-equipment-service-management-works/,PUBLISHED
quotation to invoice in one click GST,aura-business,informational,problem,/aura-business/quotation-to-invoice-in-one-click-gst/,PLANNED
stock never matches inventory distributor,aura-business,informational,problem,/aura-business/stock-never-matches-inventory-distributor/,PLANNED
collections chased late receivables,aura-business,informational,problem,/aura-business/collections-chased-late-receivables/,PLANNED
moving from Excel to CRM distributor,aura-business,informational,problem,/compare/spreadsheets-vs-distributor-software/,PUBLISHED
CRM vs ERP for medical equipment distributors,aura-business,comparison,comparison,/compare/crm-vs-erp-for-medical-equipment-distributors/,PUBLISHED
generic CRM vs medical equipment CRM,aura-business,comparison,comparison,/compare/generic-crm-vs-medical-equipment-crm/,PUBLISHED
spreadsheets vs distributor software,aura-business,comparison,comparison,/compare/spreadsheets-vs-distributor-software/,PUBLISHED
AMC vs CMC,aura-business,comparison,comparison,/compare/amc-vs-cmc/,PUBLISHED
Tally vs distributor operations software,aura-business,comparison,comparison,/aura-business/tally-vs-distributor-operations-software/,PLANNED
field service software vs WhatsApp groups,aura-business,comparison,comparison,/aura-business/field-service-software-vs-whatsapp-groups/,PLANNED
per-user CRM vs unlimited-user CRM,aura-business,comparison,comparison,/aura-business/per-user-crm-vs-unlimited-user-crm/,PLANNED
Aura Business pricing,aura-business,transactional,commercial,/aura-business/medical-equipment-software-pricing/,PUBLISHED
medical equipment CRM demo,aura-business,transactional,commercial,/contact.html,PUBLISHED
medical equipment CRM price India,aura-business,transactional,commercial,/aura-business/medical-equipment-software-pricing/,PUBLISHED
best medical equipment distributor software India,aura-business,transactional,commercial,,REJECTED
medical equipment software free trial,aura-business,transactional,commercial,/demo/aura-business.html,PUBLISHED
medical equipment software India,aura-business,commercial,country,/aura-business/medical-equipment-distributor-software/,PUBLISHED
medical equipment distributor software UAE,aura-business,commercial,country,,REJECTED
medical equipment CRM Saudi Arabia,aura-business,commercial,country,,REJECTED
medical equipment software Chennai,aura-business,local,city,/aura-business.html,PUBLISHED
medical equipment software Bangalore,aura-business,local,city,/aura-business/medical-equipment-software-bangalore/,PUBLISHED
medical equipment software Hyderabad,aura-business,local,city,/aura-business/medical-equipment-software-hyderabad/,PUBLISHED
medical equipment software Mumbai,aura-business,local,city,/aura-business/medical-equipment-software-mumbai/,PUBLISHED
medical equipment software Coimbatore,aura-business,local,city,/aura-business/medical-equipment-software-coimbatore/,PUBLISHED
medical equipment software Delhi,aura-business,local,city,/aura-business/medical-equipment-software-delhi/,PLANNED
medical equipment software Pune,aura-business,local,city,/aura-business/medical-equipment-software-pune/,PLANNED
medical equipment software Ahmedabad,aura-business,local,city,/aura-business/medical-equipment-software-ahmedabad/,PLANNED
medical equipment software Kochi,aura-business,local,city,/aura-business/medical-equipment-software-kochi/,PLANNED
medical equipment software Kolkata,aura-business,local,city,/aura-business/medical-equipment-software-kolkata/,PLANNED
what is medical equipment CRM,aura-business,informational,guide,/resources/what-is-medical-equipment-crm/,PUBLISHED
what is AMC software,aura-business,informational,guide,/resources/what-is-amc-software/,PUBLISHED
what is CMC,aura-business,informational,guide,/resources/what-is-cmc/,PUBLISHED
how medical equipment service management works,aura-business,informational,guide,/resources/how-medical-equipment-service-management-works/,PUBLISHED
what is preventive maintenance software,aura-business,informational,guide,/resources/what-is-preventive-maintenance-software/,PUBLISHED
what is installed base management,aura-business,informational,guide,/resources/what-is-installed-base-management/,PUBLISHED
how to choose CRM for medical equipment distributor,aura-business,informational,guide,/aura-business/how-to-choose-crm-for-medical-equipment-distributor/,PLANNED
what is e-invoice IRN for distributors,aura-business,informational,guide,/aura-business/what-is-e-invoice-irn-for-distributors/,PLANNED
what is a delivery challan,aura-business,informational,guide,/aura-business/what-is-a-delivery-challan/,PLANNED
what is SLA in equipment service,aura-business,informational,guide,/aura-business/what-is-sla-in-equipment-service/,PLANNED
what is a rate contract in government tenders,aura-business,informational,guide,/aura-business/what-is-a-rate-contract-in-government-tenders/,PLANNED
what is contract profitability for AMC,aura-business,informational,guide,/aura-business/what-is-contract-profitability-for-amc/,PLANNED
hospital management system,hims,commercial,product,/hims/hospital-management-system/,PUBLISHED
hospital management software India,hims,commercial,product,/hims/hospital-management-system/,PUBLISHED
hospital information management system,hims,commercial,product,/hims/hospital-management-system/,PUBLISHED
HIMS software,hims,commercial,product,/hims/hospital-management-system/,PUBLISHED
hospital ERP software,hims,commercial,product,/hims/hospital-erp-software/,PUBLISHED
clinic management software,hims,commercial,product,/hims/clinic-management-software/,PUBLISHED
multi-specialty hospital software,hims,commercial,product,/hims/multi-specialty-hospital-software/,PUBLISHED
hospital administration software,hims,commercial,product,/hims/hospital-management-system/,PUBLISHED
polyclinic management software,hims,commercial,product,/hims/polyclinic-management-software/,PLANNED
small hospital software India,hims,commercial,product,/hims/small-hospital-software-india/,PLANNED
day care centre software,hims,commercial,product,/hims/day-care-centre-software/,PLANNED
hospital billing software,hims,commercial,feature,/hims/hospital-billing-software/,PUBLISHED
hospital appointment software,hims,commercial,feature,/hims/hospital-appointment-management/,PUBLISHED
patient management software,hims,commercial,feature,/hims/patient-management-software/,PUBLISHED
doctor management software,hims,commercial,feature,/hims/doctor-management-software/,PUBLISHED
hospital pharmacy software,hims,commercial,feature,/hims/hospital-pharmacy-management/,PUBLISHED
hospital laboratory software,hims,commercial,feature,/hims/hospital-laboratory-management/,PUBLISHED
hospital inventory software,hims,commercial,feature,/hims/hospital-inventory-management/,PUBLISHED
hospital EMR software,hims,commercial,feature,/hims/hospital-emr-software/,PUBLISHED
hospital OPD software,hims,commercial,feature,/hims/hospital-opd-management-software/,PUBLISHED
hospital IPD software,hims,commercial,feature,/hims/hospital-ipd-management-software/,PUBLISHED
hospital TPA software,hims,commercial,feature,/hims/hospital-insurance-tpa-billing-software/,PUBLISHED
hospital insurance billing software,hims,commercial,feature,/hims/hospital-insurance-tpa-billing-software/,PUBLISHED
hospital bed management software,hims,commercial,feature,/hims/hospital-bed-management-software/,PUBLISHED
hospital queue management software,hims,commercial,feature,/hims/hospital-queue-management-software/,PUBLISHED
operation theatre management software,hims,commercial,feature,/hims/operation-theatre-management-software/,PUBLISHED
ICU management software,hims,commercial,feature,/hims/icu-management-software/,PUBLISHED
emergency department software,hims,commercial,feature,/hims/emergency-department-software/,PUBLISHED
hospital discharge management software,hims,commercial,feature,/hims/hospital-ipd-management-software/,PUBLISHED
hospital nursing management software,hims,commercial,feature,/hims/hospital-nursing-management-software/,PLANNED
hospital asset management software,hims,commercial,feature,/hims/hospital-asset-management-software/,PLANNED
hospital finance software,hims,commercial,feature,/hims/hospital-erp-software/,PUBLISHED
e-prescription software India,hims,commercial,feature,/hims/e-prescription-software-india/,PLANNED
patient portal software hospital,hims,commercial,feature,/mobile-app-development/patient-app-development/,PUBLISHED
hospital token system software,hims,commercial,feature,/hims/hospital-queue-management-software/,PUBLISHED
LIMS software for hospitals,hims,commercial,feature,/hims/hospital-laboratory-management/,PUBLISHED
pharmacy stock expiry software hospital,hims,commercial,feature,/hims/hospital-pharmacy-management/,PUBLISHED
hospital GST billing software,hims,commercial,feature,/hims/hospital-billing-software/,PUBLISHED
hospital MIS dashboard,hims,commercial,feature,/hims/hospital-mis-dashboard/,PLANNED
hospital consumables inventory software,hims,commercial,feature,/hims/hospital-inventory-management/,PUBLISHED
hospital procurement software,hims,commercial,feature,/hims/hospital-procurement-software/,PLANNED
doctor roster software,hims,commercial,feature,/hims/doctor-management-software/,PUBLISHED
hospital radiology module PACS integration,hims,commercial,feature,/aurapacs/hospital-pacs-software/,PUBLISHED
ABHA ready hospital software,hims,commercial,feature,/hims/abha-abdm-ready-hospital-software/,PUBLISHED
ABDM compliant HMIS,hims,commercial,feature,/hims/abha-abdm-ready-hospital-software/,PUBLISHED
NABH documentation software,hims,commercial,feature,/hims/nabh-documentation-software/,PLANNED
hospital WhatsApp appointment reminders,hims,commercial,feature,/hims/hospital-whatsapp-appointment-reminders/,PLANNED
hospital audit trail software,hims,commercial,feature,/hims/hospital-audit-trail-software/,PLANNED
UHID patient registration software,hims,commercial,feature,/hims/uhid-patient-registration-software/,PLANNED
hospital package billing software,hims,commercial,feature,/hims/hospital-package-billing-software/,PLANNED
hospital credit and corporate billing,hims,commercial,feature,/hims/hospital-credit-and-corporate-billing/,PLANNED
blood bank software,hims,commercial,feature,,REJECTED
hospital HR payroll software,hims,commercial,feature,,REJECTED
telemedicine software India,hims,commercial,feature,,REJECTED
hospital software for 50 bed hospital,hims,commercial,application,/hims/hospital-software-for-50-bed-hospital/,PLANNED
hospital software for 100 bed hospital,hims,commercial,application,/hims/hospital-software-for-100-bed-hospital/,PLANNED
software for charitable hospitals,hims,commercial,application,/hims/software-for-charitable-hospitals/,PLANNED
software for corporate hospital chains,hims,commercial,application,,REJECTED
nursing home management software,hims,commercial,industry,/hims/nursing-home-management-software/,PUBLISHED
dental clinic management software,hims,commercial,industry,/hims/dental-clinic-management-software/,PUBLISHED
diagnostic centre management software,hims,commercial,industry,/hims/diagnostic-centre-management-software/,PUBLISHED
eye hospital management software,hims,commercial,industry,/hims/eye-hospital-management-software/,PLANNED
maternity hospital software,hims,commercial,industry,/hims/maternity-hospital-software/,PLANNED
orthopaedic hospital software,hims,commercial,industry,/hims/orthopaedic-hospital-software/,PLANNED
paediatric clinic software,hims,commercial,industry,/hims/paediatric-clinic-software/,PLANNED
physiotherapy clinic software,hims,commercial,industry,/hims/physiotherapy-clinic-software/,PLANNED
ayurveda hospital software,hims,commercial,industry,/hims/ayurveda-hospital-software/,PLANNED
dialysis centre software,hims,commercial,industry,,REJECTED
IVF clinic software,hims,commercial,industry,,REJECTED
cardiology hospital software,hims,commercial,industry,,REJECTED
dermatology clinic software,hims,commercial,industry,,REJECTED
ENT clinic software,hims,commercial,industry,,REJECTED
neurology hospital software,hims,commercial,industry,,REJECTED
urology hospital software,hims,commercial,industry,,REJECTED
general surgery hospital software,hims,commercial,industry,,REJECTED
radiology centre software,hims,commercial,industry,/aurapacs/imaging-centre-software/,PUBLISHED
pathology lab software,hims,commercial,industry,/hims/hospital-laboratory-management/,PUBLISHED
hospital software for administrators,hims,commercial,persona,/hims/hospital-software-for-administrators/,PLANNED
front desk software hospital,hims,commercial,persona,/hims/hospital-opd-management-software/,PUBLISHED
software for hospital owners dashboard,hims,commercial,persona,/hims/software-for-hospital-owners-dashboard/,PLANNED
software for nursing staff charts,hims,commercial,persona,/hims/software-for-nursing-staff-charts/,PLANNED
patients re-explaining history at every counter,hims,informational,problem,/hims/hospital-emr-software/,PUBLISHED
TPA claims delayed hospital,hims,informational,problem,/hims/hospital-insurance-tpa-billing-software/,PUBLISHED
reports lost between departments,hims,informational,problem,/hims/reports-lost-between-departments/,PLANNED
OPD waiting time reduce,hims,informational,problem,/hims/hospital-queue-management-software/,PUBLISHED
pharmacy expiry losses hospital,hims,informational,problem,/hims/pharmacy-expiry-losses-hospital/,PLANNED
moving hospital from paper to software,hims,informational,problem,/hims/moving-hospital-from-paper-to-software/,PLANNED
HIMS vs hospital ERP,hims,comparison,comparison,/compare/hims-vs-hospital-erp/,PUBLISHED
HIMS vs EMR,hims,comparison,comparison,/hims/hims-vs-emr/,PLANNED
cloud vs on-premise hospital software,hims,comparison,comparison,/hims/cloud-vs-on-premise-hospital-software/,PLANNED
HMS vs HIMS difference,hims,comparison,comparison,/resources/what-is-hims/,PUBLISHED
hospital management software demo,hims,transactional,commercial,/demo/hospital.html,PUBLISHED
hospital management software price India,hims,transactional,commercial,/hims/hospital-management-software-pricing/,PUBLISHED
best hospital management software India,hims,transactional,commercial,,REJECTED
hospital software India,hims,commercial,country,/hims/hospital-management-system/,PUBLISHED
hospital management software UAE,hims,commercial,country,,REJECTED
hospital management software Nigeria,hims,commercial,country,,REJECTED
hospital management software Chennai,hims,local,city,/hims/hospital-management-software-chennai/,PUBLISHED
hospital management software Coimbatore,hims,local,city,/hims/hospital-management-software-coimbatore/,PUBLISHED
hospital management software Madurai,hims,local,city,/hims/hospital-management-software-madurai/,PUBLISHED
hospital management software Trichy,hims,local,city,/hims/hospital-management-software-trichy/,PLANNED
hospital management software Salem,hims,local,city,/hims/hospital-management-software-salem/,PLANNED
hospital management software Vellore,hims,local,city,/hims/hospital-management-software-vellore/,PLANNED
hospital management software Pondicherry,hims,local,city,/hims/hospital-management-software-pondicherry/,PLANNED
hospital management software Bangalore,hims,local,city,/hims/hospital-management-software-bangalore/,PLANNED
hospital management software Hyderabad,hims,local,city,/hims/hospital-management-software-hyderabad/,PLANNED
clinic management software Chennai,hims,local,city,/hims/clinic-management-software-chennai/,PLANNED
what is HIMS,hims,informational,guide,/resources/what-is-hims/,PUBLISHED
how to choose hospital management software,hims,informational,guide,/resources/how-to-choose-hospital-management-software/,PUBLISHED
what is ABHA,hims,informational,guide,/hims/abha-abdm-ready-hospital-software/,PUBLISHED
what is TPA in hospital billing,hims,informational,guide,/hims/what-is-tpa-in-hospital-billing/,PLANNED
what is EMR vs EHR,hims,informational,guide,/hims/what-is-emr-vs-ehr/,PLANNED
what is UHID,hims,informational,guide,/hims/what-is-uhid/,PLANNED
hospital software implementation checklist,hims,informational,guide,/hims/hospital-software-implementation-checklist/,PLANNED
what is NABH documentation,hims,informational,guide,/hims/what-is-nabh-documentation/,PLANNED
what is a discharge summary,hims,informational,guide,/hims/what-is-a-discharge-summary/,PLANNED
PACS software,aurapacs,commercial,product,/aurapacs/pacs-software/,PUBLISHED
DICOM viewer,aurapacs,commercial,product,/aurapacs/dicom-viewer/,PUBLISHED
cloud PACS software,aurapacs,commercial,product,/aurapacs/cloud-pacs-software/,PUBLISHED
RIS PACS software,aurapacs,commercial,product,/aurapacs/ris-pacs-software/,PUBLISHED
DICOM worklist software,aurapacs,commercial,product,/aurapacs/dicom-worklist-software/,PUBLISHED
medical imaging software,aurapacs,commercial,product,/aurapacs/medical-imaging-software/,PUBLISHED
radiology workflow software,aurapacs,commercial,product,/aurapacs/radiology-workflow-software/,PUBLISHED
radiology software,aurapacs,commercial,product,/aurapacs/radiology-workflow-software/,PUBLISHED
radiology information system,aurapacs,commercial,product,/aurapacs/ris-pacs-software/,PUBLISHED
web DICOM viewer,aurapacs,commercial,product,/aurapacs/dicom-viewer/,PUBLISHED
zero footprint DICOM viewer,aurapacs,commercial,product,/aurapacs/dicom-viewer/,PUBLISHED
diagnostic imaging software,aurapacs,commercial,product,/aurapacs/medical-imaging-software/,PUBLISHED
medical image management software,aurapacs,commercial,product,/aurapacs/medical-image-archive-storage/,PUBLISHED
mini PACS,aurapacs,commercial,product,/aurapacs/mini-pacs/,PLANNED
PACS for small clinics,aurapacs,commercial,product,/aurapacs/pacs-for-small-clinics/,PLANNED
on-premise PACS,aurapacs,commercial,feature,/aurapacs/on-premise-pacs/,PUBLISHED
hybrid PACS,aurapacs,commercial,feature,/aurapacs/hybrid-pacs/,PUBLISHED
radiology reporting software,aurapacs,commercial,feature,/aurapacs/radiology-reporting-software/,PUBLISHED
WhatsApp medical report sharing,aurapacs,commercial,feature,/aurapacs/whatsapp-medical-report-sharing/,PUBLISHED
medical image storage,aurapacs,commercial,feature,/aurapacs/medical-image-archive-storage/,PUBLISHED
teleradiology software,aurapacs,commercial,feature,/aurapacs/teleradiology-remote-reading-software/,PUBLISHED
DICOM server software,aurapacs,commercial,feature,/aurapacs/dicom-server-software/,PUBLISHED
modality worklist,aurapacs,commercial,feature,/aurapacs/dicom-worklist-software/,PUBLISHED
structured radiology report templates,aurapacs,commercial,feature,/aurapacs/radiology-reporting-software/,PUBLISHED
PACS backup and disaster recovery,aurapacs,commercial,feature,/aurapacs/pacs-backup-and-disaster-recovery/,PLANNED
role based access PACS,aurapacs,commercial,feature,/aurapacs/role-based-access-pacs/,PLANNED
PACS GST billing,aurapacs,commercial,feature,/aurapacs/pacs-gst-billing/,PLANNED
patient image sharing link,aurapacs,commercial,feature,/aurapacs/whatsapp-medical-report-sharing/,PUBLISHED
referring doctor portal radiology,aurapacs,commercial,feature,/aurapacs/referring-doctor-portal-radiology/,PLANNED
DICOM query retrieve,aurapacs,commercial,feature,/aurapacs/dicom-server-software/,PUBLISHED
PACS remote viewing,aurapacs,commercial,feature,/aurapacs/teleradiology-remote-reading-software/,PUBLISHED
PACS study search patient history,aurapacs,commercial,feature,/aurapacs/medical-image-archive-storage/,PUBLISHED
radiology appointment scheduling software,aurapacs,commercial,feature,/aurapacs/radiology-appointment-scheduling-software/,PLANNED
DICOM to PDF report,aurapacs,commercial,feature,/aurapacs/dicom-to-pdf-report/,PLANNED
PACS audit log,aurapacs,commercial,feature,/aurapacs/pacs-audit-log/,PLANNED
AI radiology software,aurapacs,commercial,feature,,REJECTED
3D MPR viewer,aurapacs,commercial,feature,,REJECTED
voice dictation radiology,aurapacs,commercial,feature,,REJECTED
PACS for CT scan centres,aurapacs,commercial,application,/aurapacs/pacs-for-ct-scan-centres/,PUBLISHED
PACS for MRI centres,aurapacs,commercial,application,/aurapacs/pacs-for-mri-centres/,PUBLISHED
digital X-ray PACS,aurapacs,commercial,application,/aurapacs/digital-x-ray-pacs/,PUBLISHED
ultrasound PACS,aurapacs,commercial,application,/aurapacs/ultrasound-pacs/,PUBLISHED
mammography PACS,aurapacs,commercial,application,/aurapacs/mammography-pacs/,PUBLISHED
CR DR image archive,aurapacs,commercial,application,/aurapacs/digital-x-ray-pacs/,PUBLISHED
dental X-ray PACS,aurapacs,commercial,application,/aurapacs/dental-x-ray-pacs/,PLANNED
orthopaedic clinic X-ray software,aurapacs,commercial,application,/aurapacs/orthopaedic-clinic-x-ray-software/,PLANNED
obstetric ultrasound reporting software,aurapacs,commercial,application,/aurapacs/obstetric-ultrasound-reporting-software/,PLANNED
echocardiography image storage,aurapacs,commercial,application,,REJECTED
nuclear medicine PACS,aurapacs,commercial,application,,REJECTED
veterinary PACS,aurapacs,commercial,application,,REJECTED
diagnostic centre PACS,aurapacs,commercial,industry,/aurapacs/diagnostic-centre-pacs/,PUBLISHED
hospital PACS software,aurapacs,commercial,industry,/aurapacs/hospital-pacs-software/,PUBLISHED
imaging centre software,aurapacs,commercial,industry,/aurapacs/imaging-centre-software/,PUBLISHED
DICOM viewer for hospitals,aurapacs,commercial,industry,/aurapacs/hospital-pacs-software/,PUBLISHED
DICOM viewer for diagnostic centres,aurapacs,commercial,industry,/aurapacs/diagnostic-centre-pacs/,PUBLISHED
PACS for orthopaedic clinics,aurapacs,commercial,industry,/aurapacs/pacs-for-orthopaedic-clinics/,PLANNED
PACS for multi-centre diagnostic chains,aurapacs,commercial,industry,/aurapacs/pacs-for-multi-centre-diagnostic-chains/,PLANNED
PACS for mobile X-ray services,aurapacs,commercial,industry,/aurapacs/pacs-for-mobile-x-ray-services/,PLANNED
PACS for radiologists reading from home,aurapacs,commercial,persona,/aurapacs/teleradiology-remote-reading-software/,PUBLISHED
software for radiology technicians worklist,aurapacs,commercial,persona,/aurapacs/dicom-worklist-software/,PUBLISHED
referring doctor image access,aurapacs,commercial,persona,/aurapacs/whatsapp-medical-report-sharing/,PUBLISHED
scans on CDs patients lose,aurapacs,informational,problem,/aurapacs/medical-image-archive-storage/,PUBLISHED
PACS internet down what happens,aurapacs,informational,problem,/aurapacs/hybrid-pacs/,PUBLISHED
how to go filmless X-ray,aurapacs,informational,problem,/aurapacs/digital-x-ray-pacs/,PUBLISHED
how to send radiology report on WhatsApp,aurapacs,informational,problem,/aurapacs/whatsapp-medical-report-sharing/,PUBLISHED
patient details typed wrong on scanner,aurapacs,informational,problem,/resources/what-is-dicom-modality-worklist/,PUBLISHED
how much storage does a CT centre need,aurapacs,informational,problem,/aurapacs/how-much-storage-does-a-ct-centre-need/,PLANNED
PACS vs DICOM viewer,aurapacs,comparison,comparison,/compare/pacs-vs-dicom-viewer/,PUBLISHED
PACS vs cloud storage,aurapacs,comparison,comparison,/compare/pacs-vs-cloud-storage/,PUBLISHED
cloud PACS vs on-premise PACS,aurapacs,comparison,comparison,/compare/cloud-pacs-vs-on-premise-pacs/,PUBLISHED
PACS vs teleradiology service,aurapacs,comparison,comparison,/aurapacs/pacs-vs-teleradiology-service/,PLANNED
RIS vs PACS,aurapacs,comparison,comparison,/resources/what-is-ris/,PUBLISHED
free DICOM viewer vs PACS,aurapacs,comparison,comparison,/aurapacs/free-dicom-viewer-vs-pacs/,PLANNED
AuraPACS download,aurapacs,transactional,commercial,/aurapacs.html,PUBLISHED
PACS software demo,aurapacs,transactional,commercial,https://pacs.elevateaura.co.in/,PUBLISHED
PACS software price India,aurapacs,transactional,commercial,/aurapacs/pacs-software-pricing/,PUBLISHED
free online DICOM viewer,aurapacs,transactional,commercial,,REJECTED
best PACS software India,aurapacs,transactional,commercial,,REJECTED
PACS software India,aurapacs,commercial,country,/aurapacs/pacs-software-india/,PUBLISHED
PACS software UAE,aurapacs,commercial,country,/aurapacs/pacs-software-uae/,PUBLISHED
PACS software Saudi Arabia,aurapacs,commercial,country,/aurapacs/pacs-software-saudi-arabia/,PUBLISHED
PACS software Nigeria,aurapacs,commercial,country,/aurapacs/pacs-software-nigeria/,PUBLISHED
PACS software Kenya,aurapacs,commercial,country,/aurapacs/pacs-software-kenya/,PUBLISHED
PACS software Singapore,aurapacs,commercial,country,/aurapacs/pacs-software-singapore/,PLANNED
PACS software Malaysia,aurapacs,commercial,country,/aurapacs/pacs-software-malaysia/,PLANNED
PACS software South Africa,aurapacs,commercial,country,/aurapacs/pacs-software-south-africa/,PLANNED
PACS software Qatar,aurapacs,commercial,country,/aurapacs/pacs-software-qatar/,PLANNED
PACS software Oman,aurapacs,commercial,country,/aurapacs/pacs-software-oman/,PLANNED
PACS software Bangladesh,aurapacs,commercial,country,/aurapacs/pacs-software-bangladesh/,PLANNED
PACS software Sri Lanka,aurapacs,commercial,country,/aurapacs/pacs-software-sri-lanka/,PLANNED
PACS software Germany,aurapacs,commercial,country,,REJECTED
PACS software Chennai,aurapacs,local,city,/aurapacs/pacs-software-chennai/,PUBLISHED
PACS software Coimbatore,aurapacs,local,city,/aurapacs/pacs-software-coimbatore/,PUBLISHED
PACS software Madurai,aurapacs,local,city,/aurapacs/pacs-software-madurai/,PUBLISHED
PACS software Bangalore,aurapacs,local,city,/aurapacs/pacs-software-bangalore/,PLANNED
PACS software Hyderabad,aurapacs,local,city,/aurapacs/pacs-software-hyderabad/,PLANNED
PACS software Trichy,aurapacs,local,city,/aurapacs/pacs-software-trichy/,PLANNED
PACS software Kochi,aurapacs,local,city,/aurapacs/pacs-software-kochi/,PLANNED
what is PACS,aurapacs,informational,guide,/resources/what-is-pacs/,PUBLISHED
what is DICOM,aurapacs,informational,guide,/resources/what-is-dicom/,PUBLISHED
what is RIS,aurapacs,informational,guide,/resources/what-is-ris/,PUBLISHED
how to choose a PACS,aurapacs,informational,guide,/resources/how-to-choose-pacs/,PUBLISHED
what is a DICOM modality worklist,aurapacs,informational,guide,/resources/what-is-dicom-modality-worklist/,PUBLISHED
what is teleradiology,aurapacs,informational,guide,/aurapacs/what-is-teleradiology/,PLANNED
DICOM vs JPEG,aurapacs,informational,guide,/resources/what-is-dicom/,PUBLISHED
what is window level in CT,aurapacs,informational,guide,/aurapacs/what-is-window-level-in-ct/,PLANNED
how to connect a CT scanner to PACS,aurapacs,informational,guide,/aurapacs/how-to-connect-a-ct-scanner-to-pacs/,PLANNED
what is an AE title,aurapacs,informational,guide,/aurapacs/dicom-server-software/,PUBLISHED
how long should imaging be stored,aurapacs,informational,guide,/aurapacs/how-long-should-imaging-be-stored/,PLANNED
learning management system,aura-learn,commercial,product,/aura-learn/learning-management-system/,PUBLISHED
LMS software,aura-learn,commercial,product,/aura-learn/lms-software/,PUBLISHED
online exam platform,aura-learn,commercial,product,/aura-learn/online-exam-platform/,PUBLISHED
online quiz platform,aura-learn,commercial,product,/aura-learn/online-quiz-platform/,PUBLISHED
student management system,aura-learn,commercial,product,/aura-learn/student-management-system/,PUBLISHED
course management software,aura-learn,commercial,product,/aura-learn/course-management-software/,PUBLISHED
training management software,aura-learn,commercial,product,/aura-learn/training-management-software/,PUBLISHED
learning app development,aura-learn,commercial,product,/aura-learn/learning-app-development/,PUBLISHED
exam preparation platform,aura-learn,commercial,product,/aura-learn/exam-preparation-platform/,PUBLISHED
custom LMS development,aura-learn,commercial,product,/aura-learn/custom-lms-development/,PUBLISHED
online course platform India,aura-learn,commercial,product,/aura-learn/course-management-software/,PUBLISHED
LMS software India unlimited learners,aura-learn,commercial,product,/aura-learn/lms-software-india-unlimited-learners/,PLANNED
mock test platform,aura-learn,commercial,feature,/aura-learn/mock-test-platform/,PUBLISHED
online assessment platform,aura-learn,commercial,feature,/aura-learn/online-assessment-platform/,PUBLISHED
certification platform,aura-learn,commercial,feature,/aura-learn/certification-training-platform/,PUBLISHED
question bank software,aura-learn,commercial,feature,/aura-learn/question-bank-software/,PUBLISHED
learning analytics dashboard,aura-learn,commercial,feature,/aura-learn/learning-analytics-dashboard/,PLANNED
instructor dashboard LMS,aura-learn,commercial,feature,/aura-learn/instructor-dashboard-lms/,PLANNED
live classes LMS with recordings,aura-learn,commercial,feature,/aura-learn/live-classes-lms-with-recordings/,PLANNED
doubt forum LMS,aura-learn,commercial,feature,/aura-learn/doubt-forum-lms/,PLANNED
batch management software coaching,aura-learn,commercial,feature,/aura-learn/batch-management-software-coaching/,PLANNED
fee management software coaching GST,aura-learn,commercial,feature,/aura-learn/fee-management-software-coaching-gst/,PLANNED
WhatsApp reminders for learners,aura-learn,commercial,feature,/aura-learn/whatsapp-reminders-for-learners/,PLANNED
Telegram bot for daily practice,aura-learn,commercial,feature,/aura-learn/telegram-bot-for-daily-practice/,PLANNED
offline learning app low connectivity,aura-learn,commercial,feature,/aura-learn/offline-learning-app-low-connectivity/,PLANNED
timetable software coaching,aura-learn,commercial,feature,/aura-learn/timetable-software-coaching/,PLANNED
compliance training tracking,aura-learn,commercial,feature,/aura-learn/certification-training-platform/,PUBLISHED
auto graded quizzes,aura-learn,commercial,feature,/aura-learn/online-quiz-platform/,PUBLISHED
video DRM anti-piracy LMS,aura-learn,commercial,feature,,REJECTED
online proctoring,aura-learn,commercial,feature,,REJECTED
negative marking mock tests,aura-learn,commercial,feature,,REJECTED
SCORM support,aura-learn,commercial,feature,,REJECTED
LMS for exam coaching,aura-learn,commercial,application,/aura-learn/exam-preparation-platform/,PUBLISHED
LMS for government exam preparation,aura-learn,commercial,application,/aura-learn/lms-for-government-exam-preparation/,PLANNED
LMS for NEET JEE coaching,aura-learn,commercial,application,/aura-learn/lms-for-neet-jee-coaching/,PLANNED
LMS for UPSC coaching,aura-learn,commercial,application,/aura-learn/lms-for-upsc-coaching/,PLANNED
LMS for banking exam coaching,aura-learn,commercial,application,/aura-learn/lms-for-banking-exam-coaching/,PLANNED
LMS for language classes,aura-learn,commercial,application,/aura-learn/lms-for-language-classes/,PLANNED
LMS for skill training centres,aura-learn,commercial,application,/aura-learn/lms-for-skill-training-centres/,PLANNED
LMS for nursing colleges,aura-learn,commercial,application,/aura-learn/lms-for-nursing-colleges/,PLANNED
LMS for onboarding new employees,aura-learn,commercial,application,/aura-learn/lms-for-onboarding-new-employees/,PLANNED
LMS for product training dealers,aura-learn,commercial,application,/aura-learn/lms-for-product-training-dealers/,PLANNED
coaching institute software,aura-learn,commercial,industry,/aura-learn/coaching-institute-management-software/,PUBLISHED
corporate training LMS,aura-learn,commercial,industry,/aura-learn/corporate-training-lms/,PUBLISHED
healthcare training software,aura-learn,commercial,industry,/aura-learn/healthcare-training-lms/,PUBLISHED
medical training platform,aura-learn,commercial,industry,/aura-learn/healthcare-training-lms/,PUBLISHED
college LMS India,aura-learn,commercial,industry,/aura-learn/college-lms-india/,PLANNED
school LMS,aura-learn,commercial,industry,,REJECTED
university LMS,aura-learn,commercial,industry,,REJECTED
LMS for instructors,aura-learn,commercial,persona,/aura-learn/lms-for-instructors/,PLANNED
LMS for training managers,aura-learn,commercial,persona,/aura-learn/corporate-training-lms/,PUBLISHED
certify service engineers software,aura-learn,commercial,persona,/aura-learn/healthcare-training-lms/,PUBLISHED
learners dropping off online course,aura-learn,informational,problem,/aura-learn/learners-dropping-off-online-course/,PLANNED
no idea who finished the course,aura-learn,informational,problem,/aura-learn/no-idea-who-finished-the-course/,PLANNED
certificates typed in Word,aura-learn,informational,problem,/aura-learn/certification-training-platform/,PUBLISHED
collecting fees over WhatsApp,aura-learn,informational,problem,/aura-learn/collecting-fees-over-whatsapp/,PLANNED
LMS vs YouTube and WhatsApp for coaching,aura-learn,comparison,comparison,/compare/lms-vs-youtube-and-whatsapp-for-coaching/,PUBLISHED
own LMS vs marketplace course platform,aura-learn,comparison,comparison,/aura-learn/own-lms-vs-marketplace-course-platform/,PLANNED
per-seat LMS vs unlimited learners,aura-learn,comparison,comparison,/aura-learn/per-seat-lms-vs-unlimited-learners/,PLANNED
custom LMS vs off-the-shelf LMS,aura-learn,comparison,comparison,/aura-learn/custom-lms-development/,PUBLISHED
LMS demo,aura-learn,transactional,commercial,/demo/lms.html,PUBLISHED
LMS pricing India,aura-learn,transactional,commercial,/aura-learn/lms-pricing/,PUBLISHED
best LMS for coaching institutes,aura-learn,transactional,commercial,,REJECTED
LMS software India,aura-learn,commercial,country,/aura-learn/lms-software/,PUBLISHED
LMS software UAE,aura-learn,commercial,country,,REJECTED
coaching institute software Chennai,aura-learn,local,city,/aura-learn/coaching-institute-software-chennai/,PLANNED
LMS for coaching institutes Bangalore,aura-learn,local,city,,REJECTED
what is an LMS,aura-learn,informational,guide,/resources/what-is-lms/,PUBLISHED
how to choose an LMS for a coaching institute,aura-learn,informational,guide,/aura-learn/how-to-choose-an-lms-for-a-coaching-institute/,PLANNED
how to run mock tests online,aura-learn,informational,guide,/aura-learn/how-to-run-mock-tests-online/,PLANNED
what is a question bank,aura-learn,informational,guide,/aura-learn/question-bank-software/,PUBLISHED
how to certify field staff training,aura-learn,informational,guide,/aura-learn/how-to-certify-field-staff-training/,PLANNED
what is compliance training,aura-learn,informational,guide,/aura-learn/what-is-compliance-training/,PLANNED
how to sell courses with GST invoices,aura-learn,informational,guide,/aura-learn/how-to-sell-courses-with-gst-invoices/,PLANNED
medical device software development,product-development,commercial,product,/product-development/medical-device-software-development/,PUBLISHED
embedded software development,product-development,commercial,product,/product-development/embedded-software-development/,PUBLISHED
firmware development,product-development,commercial,product,/product-development/firmware-development/,PUBLISHED
BLE device software,product-development,commercial,product,/product-development/ble-device-software/,PUBLISHED
IoT product development,product-development,commercial,product,/product-development/iot-product-development/,PUBLISHED
medical device app development,product-development,commercial,product,/product-development/medical-device-app-development/,PUBLISHED
device companion app development,product-development,commercial,product,/product-development/device-companion-app-development/,PUBLISHED
healthcare app development,product-development,commercial,product,/product-development/healthcare-app-development/,PUBLISHED
custom healthcare software,product-development,commercial,product,/product-development/custom-healthcare-software/,PUBLISHED
medical technology product development,product-development,commercial,product,/product-development/medical-technology-product-development/,PUBLISHED
medical device firmware development,product-development,commercial,product,/product-development/medical-device-firmware-development/,PUBLISHED
healthcare IoT software development,product-development,commercial,product,/product-development/healthcare-iot-software-development/,PUBLISHED
embedded C C++ development services,product-development,commercial,product,/product-development/embedded-c-cpp-development-services/,PUBLISHED
MicroPython development,product-development,commercial,product,/product-development/micropython-development-services/,PUBLISHED
connected medical device software,product-development,commercial,product,/product-development/healthcare-iot-software-development/,PUBLISHED
IoT firmware development company India,product-development,commercial,product,/product-development/iot-firmware-development-company-india/,PLANNED
embedded software outsourcing India,product-development,commercial,product,/product-development/embedded-software-outsourcing-india/,PLANNED
device to cloud telemetry software,product-development,commercial,feature,/product-development/device-to-cloud-telemetry-software/,PUBLISHED
Modbus software development,product-development,commercial,feature,/product-development/modbus-software-development/,PUBLISHED
CAN bus software development,product-development,commercial,feature,/product-development/can-bus-software-development/,PUBLISHED
Wi-Fi device software,product-development,commercial,feature,/product-development/wifi-connected-device-software/,PUBLISHED
OTA firmware update system,product-development,commercial,feature,/product-development/ota-firmware-update-development/,PUBLISHED
device dashboard development,product-development,commercial,feature,/product-development/device-dashboard-development/,PUBLISHED
sensor integration software,product-development,commercial,feature,/product-development/sensor-integration-software/,PUBLISHED
BLE GATT development,product-development,commercial,feature,/product-development/ble-device-software/,PUBLISHED
UART serial protocol development,product-development,commercial,feature,/product-development/uart-serial-protocol-development/,PLANNED
Modbus RTU to cloud gateway software,product-development,commercial,feature,/product-development/modbus-software-development/,PUBLISHED
CAN to app bridge,product-development,commercial,feature,/product-development/can-bus-software-development/,PUBLISHED
power management firmware battery devices,product-development,commercial,feature,/product-development/power-management-firmware-battery-devices/,PLANNED
device provisioning and pairing app,product-development,commercial,feature,/product-development/wifi-connected-device-software/,PUBLISHED
remote device monitoring Azure IoT,product-development,commercial,feature,/product-development/remote-device-monitoring-azure-iot/,PLANNED
Supabase IoT backend,product-development,commercial,feature,/product-development/supabase-iot-backend/,PLANNED
firmware testing and validation on hardware,product-development,commercial,feature,/product-development/firmware-testing-and-validation-on-hardware/,PLANNED
firmware documentation handover,product-development,commercial,feature,/product-development/firmware-documentation-handover/,PLANNED
RTOS development,product-development,commercial,feature,,REJECTED
Linux BSP board bring-up,product-development,commercial,feature,,REJECTED
FPGA development,product-development,commercial,feature,,REJECTED
PCB design services,product-development,commercial,feature,,REJECTED
software for patient monitoring devices,product-development,commercial,application,/product-development/software-for-patient-monitoring-devices/,PLANNED
software for infusion pumps,product-development,commercial,application,,REJECTED
software for wearable health devices,product-development,commercial,application,/product-development/software-for-wearable-health-devices/,PLANNED
software for diagnostic analysers connectivity,product-development,commercial,application,/product-development/software-for-diagnostic-analysers-connectivity/,PLANNED
software for rehabilitation robots,product-development,commercial,application,/product-development/software-for-rehabilitation-robots/,PLANNED
software for surgical robots,product-development,commercial,application,,REJECTED
software for lab automation devices,product-development,commercial,application,/product-development/software-for-lab-automation-devices/,PLANNED
software for smart hospital beds,product-development,commercial,application,/product-development/software-for-smart-hospital-beds/,PLANNED
software for sterilisation equipment monitoring,product-development,commercial,application,/product-development/software-for-sterilisation-equipment-monitoring/,PLANNED
medical robotics software,product-development,commercial,industry,/product-development/medical-robotics-software-development/,PUBLISHED
medtech startup software partner,product-development,commercial,industry,/product-development/medtech-startup-software-partner/,PLANNED
industrial IoT software development,product-development,commercial,industry,/product-development/industrial-iot-software-development/,PLANNED
agritech device software,product-development,commercial,industry,,REJECTED
firmware developer for hire India,product-development,commercial,persona,/product-development/firmware-developer-for-hire-india/,PLANNED
software partner for hardware startups,product-development,commercial,persona,/product-development/software-partner-for-hardware-startups/,PLANNED
our hardware is ready but no firmware,product-development,informational,problem,/product-development/our-hardware-is-ready-but-no-firmware/,PLANNED
device works but no app to control it,product-development,informational,problem,/product-development/device-companion-app-development/,PUBLISHED
how to get telemetry off our devices,product-development,informational,problem,/product-development/device-to-cloud-telemetry-software/,PUBLISHED
how to update firmware in the field,product-development,informational,problem,/product-development/ota-firmware-update-development/,PUBLISHED
MicroPython vs C for embedded,product-development,comparison,comparison,/product-development/micropython-development-services/,PUBLISHED
BLE vs Wi-Fi for medical devices,product-development,comparison,comparison,/product-development/ble-vs-wi-fi-for-medical-devices/,PLANNED
Modbus vs CAN,product-development,comparison,comparison,/product-development/modbus-vs-can/,PLANNED
in-house firmware team vs outsourced,product-development,comparison,comparison,/product-development/in-house-firmware-team-vs-outsourced/,PLANNED
Supabase vs Azure for IoT backend,product-development,comparison,comparison,/product-development/supabase-vs-azure-for-iot-backend/,PLANNED
embedded software development quote,product-development,transactional,commercial,/pages/contact.html,PUBLISHED
firmware development cost India,product-development,transactional,commercial,,REJECTED
embedded software development USA,product-development,commercial,country,/product-development/embedded-software-development-usa/,PUBLISHED
embedded software development UK,product-development,commercial,country,/product-development/embedded-software-development-uk/,PUBLISHED
embedded software development Australia,product-development,commercial,country,/product-development/embedded-software-development-australia/,PUBLISHED
embedded software development Canada,product-development,commercial,country,/product-development/embedded-software-development-canada/,PLANNED
embedded software development Germany,product-development,commercial,country,,REJECTED
embedded software development Singapore,product-development,commercial,country,/product-development/embedded-software-development-singapore/,PLANNED
embedded software development New Zealand,product-development,commercial,country,/product-development/embedded-software-development-new-zealand/,PLANNED
embedded software development UAE,product-development,commercial,country,/product-development/embedded-software-development-uae/,PLANNED
embedded software company Chennai,product-development,local,city,/product-development/embedded-software-company-chennai/,PLANNED
firmware development Bangalore,product-development,local,city,,REJECTED
what is firmware,product-development,informational,guide,/product-development/what-is-firmware/,PLANNED
what is BLE GATT,product-development,informational,guide,/product-development/what-is-ble-gatt/,PLANNED
what is Modbus,product-development,informational,guide,/product-development/what-is-modbus/,PLANNED
what is CAN bus,product-development,informational,guide,/product-development/what-is-can-bus/,PLANNED
what is OTA update,product-development,informational,guide,/product-development/what-is-ota-update/,PLANNED
what is device telemetry,product-development,informational,guide,/product-development/what-is-device-telemetry/,PLANNED
how to write a hardware spec for a firmware developer,product-development,informational,guide,/product-development/how-to-write-a-hardware-spec-for-a-firmware-developer/,PLANNED
what documentation should firmware handover include,product-development,informational,guide,/product-development/what-documentation-should-firmware-handover-include/,PLANNED
healthcare mobile app development,mobile-app-development,commercial,product,/mobile-app-development/healthcare-mobile-app-development/,PUBLISHED
medical app development,mobile-app-development,commercial,product,/mobile-app-development/healthcare-mobile-app-development/,PUBLISHED
hospital mobile app development,mobile-app-development,commercial,product,/mobile-app-development/hospital-mobile-app-development/,PUBLISHED
doctor app development,mobile-app-development,commercial,product,/mobile-app-development/doctor-app-development/,PUBLISHED
patient app development,mobile-app-development,commercial,product,/mobile-app-development/patient-app-development/,PUBLISHED
field service mobile app development,mobile-app-development,commercial,product,/mobile-app-development/field-service-mobile-app-development/,PUBLISHED
medical equipment service app,mobile-app-development,commercial,product,/mobile-app-development/medical-equipment-service-app/,PUBLISHED
Flutter healthcare app development,mobile-app-development,commercial,product,/mobile-app-development/flutter-healthcare-app-development/,PUBLISHED
React Native healthcare app development,mobile-app-development,commercial,product,/mobile-app-development/react-native-healthcare-app-development/,PUBLISHED
healthcare Android app development,mobile-app-development,commercial,product,/mobile-app-development/healthcare-android-app-development/,PLANNED
healthcare iOS app development,mobile-app-development,commercial,product,/mobile-app-development/healthcare-ios-app-development/,PLANNED
sales rep app development GPS,mobile-app-development,commercial,product,/mobile-app-development/sales-rep-app-development-gps/,PLANNED
learner app development,mobile-app-development,commercial,product,/aura-learn/learning-app-development/,PUBLISHED
offline first mobile app development,mobile-app-development,commercial,feature,/mobile-app-development/offline-first-mobile-app-development/,PLANNED
GPS tracking app development field staff,mobile-app-development,commercial,feature,/mobile-app-development/gps-tracking-app-development-field-staff/,PLANNED
Play Store publishing service,mobile-app-development,commercial,feature,/mobile-app-development/play-store-publishing-service/,PLANNED
WhatsApp notifications in app,mobile-app-development,commercial,feature,/mobile-app-development/whatsapp-notifications-in-app/,PLANNED
photo and signature capture app,mobile-app-development,commercial,feature,/mobile-app-development/photo-and-signature-capture-app/,PLANNED
appointment booking app hospital,mobile-app-development,commercial,application,/mobile-app-development/patient-app-development/,PUBLISHED
report viewing app patients radiology,mobile-app-development,commercial,application,/mobile-app-development/report-viewing-app-patients-radiology/,PLANNED
pharmacy delivery app,mobile-app-development,commercial,application,,REJECTED
telemedicine app development,mobile-app-development,commercial,application,,REJECTED
app development for diagnostic centres,mobile-app-development,commercial,industry,/mobile-app-development/app-development-for-diagnostic-centres/,PLANNED
app development for medical distributors,mobile-app-development,commercial,industry,/mobile-app-development/medical-equipment-service-app/,PUBLISHED
app for service engineers,mobile-app-development,commercial,persona,/mobile-app-development/medical-equipment-service-app/,PUBLISHED
Flutter vs React Native for healthcare apps,mobile-app-development,comparison,comparison,/mobile-app-development/flutter-vs-react-native-for-healthcare-apps/,PLANNED
custom app vs off-the-shelf app,mobile-app-development,comparison,comparison,/mobile-app-development/custom-app-vs-off-the-shelf-app/,PLANNED
healthcare app development cost India,mobile-app-development,transactional,commercial,/mobile-app-development/healthcare-app-development-cost-india/,PLANNED
healthcare app development company,mobile-app-development,transactional,commercial,/mobile-app-development/,PUBLISHED
healthcare app development India,mobile-app-development,commercial,country,/mobile-app-development/,PUBLISHED
healthcare app development company Chennai,mobile-app-development,local,city,/mobile-app-development/healthcare-app-development-chennai/,PUBLISHED
app development company Chennai healthcare,mobile-app-development,local,city,/mobile-app-development/healthcare-app-development-chennai/,PUBLISHED
how to plan a hospital patient app,mobile-app-development,informational,guide,/mobile-app-development/how-to-plan-a-hospital-patient-app/,PLANNED
what is offline sync in field apps,mobile-app-development,informational,guide,/mobile-app-development/what-is-offline-sync-in-field-apps/,PLANNED
medical equipment website development,web-development,commercial,product,/web-development/medical-equipment-website-development/,PUBLISHED
medical equipment e-commerce development,web-development,commercial,product,/web-development/medical-equipment-ecommerce-development/,PUBLISHED
medical distributor portal development,web-development,commercial,product,/web-development/medical-distributor-portal-development/,PUBLISHED
healthcare website development,web-development,commercial,product,/web-development/healthcare-website-development/,PUBLISHED
medical product catalogue website,web-development,commercial,product,/web-development/medical-product-catalogue-website/,PUBLISHED
healthcare B2B e-commerce platform,web-development,commercial,product,/web-development/healthcare-b2b-ecommerce-platform/,PUBLISHED
medical device e-commerce,web-development,commercial,product,/web-development/medical-equipment-ecommerce-development/,PUBLISHED
medical equipment online store,web-development,commercial,product,/web-development/medical-equipment-ecommerce-development/,PUBLISHED
hospital website development,web-development,commercial,product,/web-development/healthcare-website-development/,PUBLISHED
diagnostic centre website,web-development,commercial,product,/web-development/diagnostic-centre-website/,PLANNED
clinic website development,web-development,commercial,product,/web-development/clinic-website-development/,PLANNED
WordPress development healthcare,web-development,commercial,product,/web-development/wordpress-development-healthcare/,PLANNED
Next.js website development,web-development,commercial,product,/web-development/next-js-website-development/,PLANNED
quote request form medical website,web-development,commercial,feature,/web-development/quote-request-form-medical-website/,PLANNED
distributor login portal,web-development,commercial,feature,/web-development/medical-distributor-portal-development/,PUBLISHED
UTR payment verification e-commerce,web-development,commercial,feature,/web-development/utr-payment-verification-e-commerce/,PLANNED
product and city landing pages,web-development,commercial,feature,/seo-services/programmatic-seo-services/,PUBLISHED
medical product ordering system,web-development,commercial,application,/web-development/healthcare-b2b-ecommerce-platform/,PUBLISHED
surgical instruments online store,web-development,commercial,application,/web-development/surgical-instruments-online-store/,PLANNED
robotics company website,web-development,commercial,application,/web-development/robotics-company-website/,PLANNED
WordPress vs Next.js for a medical website,web-development,comparison,comparison,/web-development/wordpress-vs-next-js-for-a-medical-website/,PLANNED
marketplace listing vs own store medical equipment,web-development,comparison,comparison,/web-development/marketplace-listing-vs-own-store-medical-equipment/,PLANNED
website development cost medical,web-development,transactional,commercial,,REJECTED
healthcare website development India,web-development,commercial,country,/web-development/,PUBLISHED
website development company Chennai medical,web-development,local,city,/web-development/website-development-company-chennai-medical/,PLANNED
what a medical equipment website needs,web-development,informational,guide,/web-development/what-a-medical-equipment-website-needs/,PLANNED
how a distributor portal works,web-development,informational,guide,/web-development/how-a-distributor-portal-works/,PLANNED
medical equipment SEO,seo-services,commercial,product,/seo-services/medical-equipment-seo/,PUBLISHED
healthcare SEO services,seo-services,commercial,product,/seo-services/healthcare-seo-services/,PUBLISHED
hospital SEO services,seo-services,commercial,product,/seo-services/hospital-seo-services/,PUBLISHED
programmatic SEO services,seo-services,commercial,product,/seo-services/programmatic-seo-services/,PUBLISHED
healthcare SaaS SEO,seo-services,commercial,product,/seo-services/healthcare-saas-seo/,PUBLISHED
medical equipment lead generation,seo-services,commercial,product,/seo-services/medical-equipment-lead-generation/,PUBLISHED
medical device SEO,seo-services,commercial,product,/seo-services/medical-device-seo/,PUBLISHED
medical distributor SEO,seo-services,commercial,product,/seo-services/medical-equipment-seo/,PUBLISHED
B2B SEO healthcare,seo-services,commercial,product,/seo-services/healthcare-saas-seo/,PUBLISHED
healthcare digital marketing,seo-services,commercial,product,/seo-services/healthcare-digital-marketing/,PLANNED
international healthcare SEO,seo-services,commercial,product,/seo-services/international-healthcare-seo/,PLANNED
clinic SEO services,seo-services,commercial,product,/seo-services/clinic-seo-services/,PLANNED
diagnostic centre SEO,seo-services,commercial,product,/seo-services/diagnostic-centre-seo/,PLANNED
schema markup for healthcare websites,seo-services,commercial,feature,/seo-services/schema-markup-for-healthcare-websites/,PLANNED
GA4 conversion tracking WhatsApp clicks,seo-services,commercial,feature,/seo-services/ga4-conversion-tracking-whatsapp-clicks/,PLANNED
WhatsApp campaigns healthcare,seo-services,commercial,feature,/seo-services/whatsapp-campaigns-healthcare/,PLANNED
technical SEO audit healthcare site,seo-services,commercial,feature,/seo-services/technical-seo-audit-healthcare-site/,PLANNED
city landing pages SEO,seo-services,commercial,feature,/seo-services/programmatic-seo-services/,PUBLISHED
programmatic SEO vs doorway pages,seo-services,comparison,comparison,/seo-services/programmatic-seo-vs-doorway-pages/,PLANNED
SEO vs Google Ads for medical equipment leads,seo-services,comparison,comparison,/seo-services/seo-vs-google-ads-for-medical-equipment-leads/,PLANNED
SEO pricing healthcare,seo-services,transactional,commercial,,REJECTED
SEO agency for medical equipment companies,seo-services,transactional,commercial,/seo-services/,PUBLISHED
healthcare SEO India,seo-services,commercial,country,/seo-services/healthcare-seo-services/,PUBLISHED
SEO company Chennai healthcare,seo-services,local,city,/seo-services/seo-company-chennai-healthcare/,PLANNED
what is programmatic SEO,seo-services,informational,guide,/seo-services/what-is-programmatic-seo/,PLANNED
how to track WhatsApp leads from a website,seo-services,informational,guide,/seo-services/how-to-track-whatsapp-leads-from-a-website/,PLANNED
what schema a hospital website should use,seo-services,informational,guide,/seo-services/what-schema-a-hospital-website-should-use/,PLANNED
